comparison,dm_statistic,p_value,better_model,significant_at_5pct,horizon
GNN vs Rolling Correlation,-1.8292795441105116,0.07030808443886949,GNN,False,t1
GNN vs VAR,-0.6981967584424691,0.48665855938455893,GNN,False,t1
GNN vs Static GCN,-63.39247710216288,0.0,GNN,True,t1
GNN vs Rolling Correlation,-2.8934241363828024,0.0046686211031474745,GNN,True,t5
GNN vs VAR,-0.6170159084285551,0.5386126993190086,GNN,False,t5
GNN vs Static GCN,-44.35968826857998,0.0,GNN,True,t5
GNN vs Rolling Correlation,-3.8228674823535793,0.00022831303195780528,GNN,True,t10
GNN vs VAR,1.5441795691395162,0.12567242787217436,Baseline,False,t10
GNN vs Static GCN,-10.59198771022181,0.0,GNN,True,t10
